teacher_id,department,week_start,week_number,ai_sessions,ai_usage_rate,planning_hours_baseline,planning_hours_actual,time_saved_hours,engagement_score,achievement_delta_pct
T001,Elective/Arts,2026-01-12,1,3,0.541,6.89,5.52,1.37,70.4,6.43
T001,Elective/Arts,2026-01-19,2,2,0.433,7.96,6.66,1.3,73.0,2.76
T001,Elective/Arts,2026-01-26,3,2,0.492,6.64,5.6,1.04,62.9,2.13
T001,Elective/Arts,2026-02-02,4,4,0.448,7.19,6.4,0.8,62.3,2.95
T001,Elective/Arts,2026-02-09,5,4,0.499,4.5,3.47,1.03,54.6,4.06
T001,Elective/Arts,2026-02-16,6,6,0.589,6.5,5.12,1.38,68.8,1.49
T001,Elective/Arts,2026-02-23,7,1,0.418,5.71,4.74,0.96,59.1,0.38
T001,Elective/Arts,2026-03-02,8,4,0.577,5.33,4.44,0.89,66.3,4.06
T001,Elective/Arts,2026-03-09,9,5,0.572,5.67,4.38,1.29,64.0,2.89
T001,Elective/Arts,2026-03-16,10,2,0.522,6.22,5.0,1.22,67.5,5.72
T001,Elective/Arts,2026-03-23,11,6,0.47,7.47,5.72,1.74,56.2,4.82
T001,Elective/Arts,2026-03-30,12,4,0.585,5.22,3.28,1.94,60.8,1.72
T001,Elective/Arts,2026-04-06,13,10,0.551,6.58,5.65,0.93,81.5,0.84
T001,Elective/Arts,2026-04-13,14,4,0.612,6.07,4.82,1.24,62.6,0.43
T001,Elective/Arts,2026-04-20,15,3,0.606,6.22,5.42,0.8,63.6,5.15
T001,Elective/Arts,2026-04-27,16,7,0.724,7.55,6.22,1.34,84.1,2.93
T002,English,2026-01-12,1,3,0.613,6.63,5.01,1.62,72.7,-0.55
T002,English,2026-01-19,2,3,0.467,6.93,5.98,0.95,60.4,0.24
T002,English,2026-01-26,3,8,0.664,5.7,4.16,1.54,74.4,-1.19
T002,English,2026-02-02,4,7,0.64,6.22,4.39,1.83,70.2,2.3
T002,English,2026-02-09,5,3,0.54,6.6,4.98,1.62,57.5,2.02
T002,English,2026-02-16,6,3,0.595,7.22,5.94,1.28,75.4,1.99
T002,English,2026-02-23,7,8,0.656,6.01,4.03,1.98,67.8,6.89
T002,English,2026-03-02,8,7,0.651,6.92,5.45,1.47,68.1,7.46
T002,English,2026-03-09,9,4,0.636,6.13,5.05,1.08,64.5,3.77
T002,English,2026-03-16,10,5,0.659,6.28,5.07,1.21,67.5,3.68
T002,English,2026-03-23,11,5,0.658,7.23,6.37,0.86,74.0,2.44
T002,English,2026-03-30,12,8,0.696,4.41,3.25,1.16,71.3,4.12
T002,English,2026-04-06,13,8,0.798,5.1,3.52,1.58,76.9,2.58
T002,English,2026-04-13,14,1,0.525,4.92,3.51,1.41,70.3,3.83
T002,English,2026-04-20,15,8,0.698,4.07,1.81,2.26,80.4,2.49
T002,English,2026-04-27,16,8,0.736,5.72,4.71,1.01,71.4,5.69
T003,Elective/Arts,2026-01-12,1,4,0.576,5.93,5.02,0.91,67.4,4.93
T003,Elective/Arts,2026-01-19,2,5,0.667,7.8,7.29,0.5,70.8,3.73
T003,Elective/Arts,2026-01-26,3,9,0.859,6.54,3.82,2.72,80.2,3.01
T003,Elective/Arts,2026-02-02,4,3,0.704,6.07,3.44,2.63,62.2,2.39
T003,Elective/Arts,2026-02-09,5,8,0.8,8.06,6.5,1.56,76.0,4.94
T003,Elective/Arts,2026-02-16,6,6,0.717,7.59,6.85,0.74,70.6,1.91
T003,Elective/Arts,2026-02-23,7,5,0.762,6.74,5.2,1.53,85.1,3.22
T003,Elective/Arts,2026-03-02,8,6,0.728,8.8,7.32,1.48,72.2,3.04
T003,Elective/Arts,2026-03-09,9,11,0.731,6.91,5.38,1.52,83.3,1.74
T003,Elective/Arts,2026-03-16,10,6,0.699,7.38,6.31,1.07,65.9,-1.3
T003,Elective/Arts,2026-03-23,11,2,0.795,7.62,5.59,2.03,78.4,6.25
T003,Elective/Arts,2026-03-30,12,4,0.716,6.73,4.93,1.8,74.8,6.31
T003,Elective/Arts,2026-04-06,13,13,0.833,7.82,6.74,1.09,70.6,1.73
T003,Elective/Arts,2026-04-13,14,10,0.874,6.82,4.53,2.29,77.9,0.87
T003,Elective/Arts,2026-04-20,15,12,0.834,6.94,4.08,2.86,83.1,5.71
T003,Elective/Arts,2026-04-27,16,3,0.799,8.71,6.87,1.84,73.0,3.71
T004,Social Studies,2026-01-12,1,2,0.745,6.15,4.7,1.46,66.8,1.05
T004,Social Studies,2026-01-19,2,2,0.532,5.92,4.67,1.25,66.0,4.92
T004,Social Studies,2026-01-26,3,7,0.643,7.34,5.83,1.52,66.6,0.01
T004,Social Studies,2026-02-02,4,6,0.657,7.38,6.38,1.0,66.1,1.58
T004,Social Studies,2026-02-09,5,3,0.561,8.29,7.22,1.07,67.1,2.49
T004,Social Studies,2026-02-16,6,2,0.667,8.1,6.06,2.04,80.2,2.96
T004,Social Studies,2026-02-23,7,2,0.682,6.87,5.84,1.02,83.1,3.95
T004,Social Studies,2026-03-02,8,5,0.743,5.76,5.06,0.69,71.6,1.55
T004,Social Studies,2026-03-09,9,11,0.846,6.68,5.76,0.92,87.6,5.68
T004,Social Studies,2026-03-16,10,6,0.763,7.22,5.53,1.69,74.3,4.19
T004,Social Studies,2026-03-23,11,2,0.719,6.8,5.2,1.59,83.5,-2.96
T004,Social Studies,2026-03-30,12,7,0.798,6.42,4.72,1.7,74.4,1.13
T004,Social Studies,2026-04-06,13,5,0.887,7.25,4.66,2.6,78.0,2.23
T004,Social Studies,2026-04-13,14,3,0.757,6.5,6.04,0.45,76.1,0.82
T004,Social Studies,2026-04-20,15,7,0.772,6.37,4.49,1.88,93.4,3.2
T004,Social Studies,2026-04-27,16,6,0.887,7.31,4.53,2.78,82.3,4.09
T005,Math,2026-01-12,1,7,0.709,5.8,4.24,1.56,68.1,5.35
T005,Math,2026-01-19,2,6,0.771,4.64,2.47,2.18,69.1,10.77
T005,Math,2026-01-26,3,7,0.638,5.25,3.4,1.86,67.7,1.23
T005,Math,2026-02-02,4,6,0.645,5.28,3.78,1.5,74.4,6.95
T005,Math,2026-02-09,5,5,0.662,6.35,5.09,1.26,65.8,2.57
T005,Math,2026-02-16,6,6,0.771,6.03,4.11,1.92,76.9,3.1
T005,Math,2026-02-23,7,3,0.849,5.96,4.36,1.6,68.8,2.78
T005,Math,2026-03-02,8,9,0.743,6.92,5.28,1.63,72.4,4.13
T005,Math,2026-03-09,9,3,0.61,6.64,4.94,1.7,70.9,4.71
T005,Math,2026-03-16,10,8,0.677,6.62,5.35,1.26,86.6,2.21
T005,Math,2026-03-23,11,4,0.75,6.71,4.7,2.01,65.5,0.56
T005,Math,2026-03-30,12,8,0.781,6.92,4.88,2.04,83.4,-1.01
T005,Math,2026-04-06,13,6,0.803,4.19,2.89,1.31,76.0,4.42
T005,Math,2026-04-13,14,13,0.846,5.94,3.58,2.35,78.6,0.61
T005,Math,2026-04-20,15,7,0.833,4.12,1.94,2.18,76.5,1.15
T005,Math,2026-04-27,16,5,0.939,6.34,4.21,2.12,81.2,4.67
T006,Special Education,2026-01-12,1,6,0.543,4.87,3.84,1.04,55.1,-0.27
T006,Special Education,2026-01-19,2,2,0.508,5.93,4.69,1.25,60.5,4.36
T006,Special Education,2026-01-26,3,2,0.458,6.62,5.64,0.98,74.4,4.06
T006,Special Education,2026-02-02,4,0,0.597,6.86,5.78,1.08,69.7,1.29
T006,Special Education,2026-02-09,5,4,0.63,6.11,4.98,1.13,78.5,4.1
T006,Special Education,2026-02-16,6,4,0.562,7.78,6.78,1.0,71.5,1.92
T006,Special Education,2026-02-23,7,4,0.604,7.26,6.25,1.01,74.8,3.46
T006,Special Education,2026-03-02,8,6,0.631,5.99,3.74,2.25,65.4,5.85
T006,Special Education,2026-03-09,9,3,0.631,7.0,5.5,1.5,73.9,1.51
T006,Special Education,2026-03-16,10,4,0.603,8.18,6.54,1.65,74.5,7.88
T006,Special Education,2026-03-23,11,7,0.61,8.21,7.05,1.16,66.8,1.23
T006,Special Education,2026-03-30,12,7,0.613,5.02,3.74,1.28,73.7,5.84
T006,Special Education,2026-04-06,13,2,0.508,5.32,4.42,0.9,71.1,2.53
T006,Special Education,2026-04-13,14,6,0.642,7.73,7.34,0.39,67.7,3.79
T006,Special Education,2026-04-20,15,4,0.506,5.19,4.5,0.69,60.9,-0.36
T006,Special Education,2026-04-27,16,0,0.553,4.93,4.31,0.62,61.7,2.21
T007,Elective/Arts,2026-01-12,1,3,0.459,5.07,3.98,1.09,55.2,3.16
T007,Elective/Arts,2026-01-19,2,5,0.416,7.66,6.38,1.28,76.6,5.39
T007,Elective/Arts,2026-01-26,3,7,0.529,6.42,4.87,1.55,71.8,1.9
T007,Elective/Arts,2026-02-02,4,5,0.536,7.18,6.92,0.26,67.3,5.1
T007,Elective/Arts,2026-02-09,5,6,0.539,5.67,4.59,1.08,71.9,3.42
T007,Elective/Arts,2026-02-16,6,5,0.613,8.13,6.84,1.29,61.9,0.04
T007,Elective/Arts,2026-02-23,7,5,0.615,8.05,7.34,0.71,77.5,3.95
T007,Elective/Arts,2026-03-02,8,2,0.495,7.76,6.64,1.12,65.4,0.27
T007,Elective/Arts,2026-03-09,9,3,0.555,5.29,3.65,1.64,67.7,4.0
T007,Elective/Arts,2026-03-16,10,3,0.493,7.63,6.87,0.76,64.4,2.1
T007,Elective/Arts,2026-03-23,11,6,0.546,7.2,5.89,1.31,65.2,1.43
T007,Elective/Arts,2026-03-30,12,1,0.51,5.19,4.35,0.84,71.9,-3.24
T007,Elective/Arts,2026-04-06,13,5,0.674,6.78,5.57,1.21,73.4,1.31
T007,Elective/Arts,2026-04-13,14,4,0.593,7.16,5.33,1.83,73.7,6.35
T007,Elective/Arts,2026-04-20,15,2,0.56,7.36,6.31,1.05,69.0,1.53
T007,Elective/Arts,2026-04-27,16,5,0.667,6.98,5.32,1.65,74.8,2.43
T008,Elective/Arts,2026-01-12,1,8,0.607,7.44,5.99,1.45,69.9,0.5
T008,Elective/Arts,2026-01-19,2,5,0.817,6.1,4.18,1.91,75.9,5.53
T008,Elective/Arts,2026-01-26,3,5,0.718,6.8,4.54,2.26,68.9,1.26
T008,Elective/Arts,2026-02-02,4,7,0.76,5.55,4.36,1.19,77.2,4.26
T008,Elective/Arts,2026-02-09,5,5,0.914,6.13,4.15,1.98,95.3,4.06
T008,Elective/Arts,2026-02-16,6,9,0.869,4.63,2.13,2.5,66.1,2.63
T008,Elective/Arts,2026-02-23,7,5,0.753,3.91,1.68,2.23,75.8,2.91
T008,Elective/Arts,2026-03-02,8,4,0.745,7.19,6.19,1.0,69.1,7.26
T008,Elective/Arts,2026-03-09,9,12,0.776,5.27,3.7,1.56,77.9,1.72
T008,Elective/Arts,2026-03-16,10,4,0.846,5.79,3.24,2.55,76.4,4.76
T008,Elective/Arts,2026-03-23,11,10,0.814,4.86,2.82,2.04,79.9,3.25
T008,Elective/Arts,2026-03-30,12,6,0.806,4.84,2.97,1.87,82.2,0.48
T008,Elective/Arts,2026-04-06,13,6,0.948,6.08,4.11,1.96,79.9,2.18
T008,Elective/Arts,2026-04-13,14,7,0.849,5.52,3.85,1.67,83.0,1.51
T008,Elective/Arts,2026-04-20,15,10,1.0,6.63,4.26,2.37,65.9,1.03
T008,Elective/Arts,2026-04-27,16,3,0.887,6.7,4.89,1.82,86.7,5.37
T009,Math,2026-01-12,1,4,0.683,5.02,4.07,0.95,73.7,1.54
T009,Math,2026-01-19,2,3,0.447,5.42,4.38,1.04,64.4,4.08
T009,Math,2026-01-26,3,2,0.526,5.57,4.77,0.8,57.0,1.86
T009,Math,2026-02-02,4,4,0.667,5.14,3.09,2.05,69.7,3.17
T009,Math,2026-02-09,5,7,0.633,5.15,3.45,1.7,68.9,1.62
T009,Math,2026-02-16,6,3,0.51,6.06,4.9,1.15,66.9,1.88
T009,Math,2026-02-23,7,7,0.583,4.98,4.55,0.43,66.2,4.17
T009,Math,2026-03-02,8,6,0.576,7.04,6.12,0.93,66.7,2.16
T009,Math,2026-03-09,9,2,0.604,5.28,3.7,1.58,69.9,1.51
T009,Math,2026-03-16,10,1,0.544,9.01,7.42,1.59,71.3,4.21
T009,Math,2026-03-23,11,3,0.595,5.75,4.04,1.71,68.1,4.3
T009,Math,2026-03-30,12,8,0.498,6.27,5.65,0.62,65.0,2.14
T009,Math,2026-04-06,13,4,0.628,4.9,3.41,1.5,71.3,0.57
T009,Math,2026-04-13,14,5,0.659,7.91,6.06,1.85,59.9,3.51
T009,Math,2026-04-20,15,6,0.62,7.32,6.57,0.75,73.4,6.97
T009,Math,2026-04-27,16,5,0.531,6.5,5.33,1.17,68.3,1.46
T010,English,2026-01-12,1,0,0.279,7.05,6.24,0.8,57.2,0.13
T010,English,2026-01-19,2,3,0.326,6.43,5.72,0.71,55.5,2.25
T010,English,2026-01-26,3,1,0.393,7.34,6.75,0.58,65.4,3.88
T010,English,2026-02-02,4,2,0.232,6.12,5.69,0.43,53.4,-1.5
T010,English,2026-02-09,5,2,0.25,7.41,7.01,0.4,48.2,2.22
T010,English,2026-02-16,6,0,0.204,7.45,6.9,0.56,57.8,-2.42
T010,English,2026-02-23,7,3,0.355,3.98,3.05,0.94,53.1,1.53
T010,English,2026-03-02,8,3,0.279,8.09,7.76,0.33,57.5,3.94
T010,English,2026-03-09,9,2,0.336,3.85,3.19,0.66,57.9,2.23
T010,English,2026-03-16,10,2,0.415,6.28,5.59,0.7,60.1,1.56
T010,English,2026-03-23,11,6,0.329,7.93,6.95,0.98,75.2,0.79
T010,English,2026-03-30,12,3,0.395,6.58,6.03,0.55,65.2,2.02
T010,English,2026-04-06,13,2,0.363,5.43,4.28,1.15,65.6,1.12
T010,English,2026-04-13,14,3,0.437,5.81,4.85,0.95,55.3,0.17
T010,English,2026-04-20,15,1,0.428,7.93,7.28,0.64,61.8,2.09
T010,English,2026-04-27,16,2,0.352,4.98,4.35,0.63,65.1,1.78
T011,Science,2026-01-12,1,1,0.292,6.68,5.86,0.82,63.8,0.67
T011,Science,2026-01-19,2,1,0.295,5.95,5.17,0.79,52.1,1.98
T011,Science,2026-01-26,3,3,0.262,5.81,5.25,0.56,57.3,-0.14
T011,Science,2026-02-02,4,3,0.391,4.74,3.99,0.75,69.4,1.73
T011,Science,2026-02-09,5,3,0.407,4.17,3.43,0.74,63.5,2.73
T011,Science,2026-02-16,6,5,0.391,5.89,4.92,0.97,61.7,3.32
T011,Science,2026-02-23,7,5,0.448,6.21,5.17,1.04,74.6,1.87
T011,Science,2026-03-02,8,3,0.393,4.86,3.85,1.01,58.5,4.09
T011,Science,2026-03-09,9,3,0.42,6.12,5.16,0.96,60.7,1.69
T011,Science,2026-03-16,10,3,0.419,6.2,5.08,1.13,66.7,1.45
T011,Science,2026-03-23,11,5,0.397,3.99,3.1,0.9,67.3,8.41
T011,Science,2026-03-30,12,2,0.372,5.23,4.24,0.99,67.3,1.99
T011,Science,2026-04-06,13,4,0.57,6.56,5.0,1.55,74.7,1.75
T011,Science,2026-04-13,14,7,0.389,6.54,5.87,0.67,65.9,1.33
T011,Science,2026-04-20,15,3,0.38,5.0,4.57,0.42,67.4,0.09
T011,Science,2026-04-27,16,0,0.463,6.31,4.86,1.45,65.0,5.93
T012,Special Education,2026-01-12,1,2,0.359,7.01,6.08,0.94,52.9,1.06
T012,Special Education,2026-01-19,2,5,0.4,6.96,6.65,0.31,62.3,0.49
T012,Special Education,2026-01-26,3,3,0.393,6.15,5.04,1.11,67.3,-2.66
T012,Special Education,2026-02-02,4,1,0.455,6.75,6.07,0.68,59.8,3.34
T012,Special Education,2026-02-09,5,3,0.351,8.28,7.44,0.84,67.6,2.93
T012,Special Education,2026-02-16,6,4,0.341,6.24,5.44,0.8,69.0,-0.43
T012,Special Education,2026-02-23,7,3,0.439,5.66,4.41,1.25,66.7,5.85
T012,Special Education,2026-03-02,8,3,0.471,7.99,6.8,1.19,48.4,3.22
T012,Special Education,2026-03-09,9,3,0.459,7.54,7.19,0.36,58.8,5.49
T012,Special Education,2026-03-16,10,6,0.386,6.43,5.76,0.67,76.0,1.88
T012,Special Education,2026-03-23,11,3,0.496,5.47,4.34,1.13,64.1,4.88
T012,Special Education,2026-03-30,12,3,0.403,6.31,5.47,0.84,53.2,3.06
T012,Special Education,2026-04-06,13,4,0.425,7.0,5.94,1.06,73.0,6.56
T012,Special Education,2026-04-13,14,5,0.402,8.22,7.14,1.07,65.1,1.31
T012,Special Education,2026-04-20,15,5,0.565,6.01,4.56,1.45,75.8,2.86
T012,Special Education,2026-04-27,16,3,0.525,6.97,5.88,1.09,69.8,2.7
T013,Social Studies,2026-01-12,1,1,0.619,6.97,5.57,1.4,67.9,4.71
T013,Social Studies,2026-01-19,2,3,0.678,7.17,5.27,1.9,73.9,7.11
T013,Social Studies,2026-01-26,3,5,0.817,7.67,6.17,1.5,78.9,5.33
T013,Social Studies,2026-02-02,4,4,0.653,6.13,5.41,0.71,65.9,6.74
T013,Social Studies,2026-02-09,5,9,0.711,7.84,7.09,0.75,73.0,2.85
T013,Social Studies,2026-02-16,6,7,0.781,7.92,6.79,1.13,62.3,6.34
T013,Social Studies,2026-02-23,7,4,0.783,9.7,8.6,1.11,75.9,1.78
T013,Social Studies,2026-03-02,8,5,0.715,6.72,5.22,1.51,77.4,3.69
T013,Social Studies,2026-03-09,9,10,0.558,6.64,5.81,0.83,67.3,8.05
T013,Social Studies,2026-03-16,10,7,0.772,7.87,6.5,1.37,85.2,3.67
T013,Social Studies,2026-03-23,11,9,0.591,7.92,6.89,1.03,64.5,1.52
T013,Social Studies,2026-03-30,12,5,0.86,6.56,4.9,1.66,77.8,3.15
T013,Social Studies,2026-04-06,13,10,0.779,6.7,4.36,2.33,74.3,4.37
T013,Social Studies,2026-04-13,14,3,0.848,7.64,5.44,2.2,75.6,4.77
T013,Social Studies,2026-04-20,15,5,0.726,6.27,4.67,1.6,72.5,6.21
T013,Social Studies,2026-04-27,16,8,0.691,6.69,5.36,1.33,72.9,5.5
T014,Elective/Arts,2026-01-12,1,3,0.456,5.86,4.47,1.4,65.0,1.18
T014,Elective/Arts,2026-01-19,2,7,0.57,6.72,5.62,1.1,77.0,3.12
T014,Elective/Arts,2026-01-26,3,7,0.72,5.5,3.71,1.79,61.5,5.31
T014,Elective/Arts,2026-02-02,4,9,0.589,6.27,5.06,1.21,62.1,0.0
T014,Elective/Arts,2026-02-09,5,5,0.488,6.9,5.72,1.18,61.0,-0.27
T014,Elective/Arts,2026-02-16,6,6,0.756,5.44,3.07,2.37,73.5,2.81
T014,Elective/Arts,2026-02-23,7,7,0.681,5.75,4.04,1.71,69.8,2.24
T014,Elective/Arts,2026-03-02,8,12,0.638,6.1,5.38,0.72,79.3,1.18
T014,Elective/Arts,2026-03-09,9,4,0.626,5.02,3.47,1.55,76.4,3.4
T014,Elective/Arts,2026-03-16,10,5,0.738,6.03,3.86,2.17,76.4,6.52
T014,Elective/Arts,2026-03-23,11,7,0.634,6.57,5.26,1.31,71.7,-0.87
T014,Elective/Arts,2026-03-30,12,8,0.762,6.05,3.92,2.13,76.4,1.11
T014,Elective/Arts,2026-04-06,13,10,0.729,6.18,4.88,1.3,68.0,1.03
T014,Elective/Arts,2026-04-13,14,6,0.717,6.43,5.49,0.94,78.1,6.5
T014,Elective/Arts,2026-04-20,15,8,0.72,5.79,4.15,1.65,66.3,2.64
T014,Elective/Arts,2026-04-27,16,4,0.707,7.14,6.33,0.81,77.7,4.61
T015,English,2026-01-12,1,2,0.646,7.87,6.42,1.45,71.1,5.02
T015,English,2026-01-19,2,5,0.619,6.74,5.17,1.58,72.3,4.34
T015,English,2026-01-26,3,8,0.68,5.68,4.93,0.74,75.1,2.62
T015,English,2026-02-02,4,7,0.88,8.08,6.5,1.58,77.9,4.66
T015,English,2026-02-09,5,6,0.817,6.44,5.17,1.27,73.0,1.71
T015,English,2026-02-16,6,4,0.671,6.63,5.91,0.71,69.8,3.48
T015,English,2026-02-23,7,10,0.787,6.16,4.37,1.79,69.8,3.05
T015,English,2026-03-02,8,3,0.695,5.61,5.02,0.59,74.9,1.99
T015,English,2026-03-09,9,4,0.64,5.03,4.13,0.9,70.4,0.13
T015,English,2026-03-16,10,2,0.847,7.13,5.54,1.59,72.2,6.35
T015,English,2026-03-23,11,4,0.868,5.72,4.24,1.48,72.7,4.5
T015,English,2026-03-30,12,5,0.871,9.56,7.44,2.12,69.5,7.71
T015,English,2026-04-06,13,3,0.776,5.41,3.56,1.85,80.3,1.06
T015,English,2026-04-13,14,7,0.809,5.24,3.03,2.21,75.7,-0.54
T015,English,2026-04-20,15,9,0.884,7.01,4.67,2.34,71.9,3.27
T015,English,2026-04-27,16,8,0.87,8.03,5.52,2.51,81.6,8.87
T016,Science,2026-01-12,1,4,0.556,7.74,6.83,0.91,71.5,2.98
T016,Science,2026-01-19,2,5,0.555,7.39,6.47,0.92,81.3,0.15
T016,Science,2026-01-26,3,5,0.436,7.15,6.21,0.94,60.8,1.67
T016,Science,2026-02-02,4,1,0.305,6.42,5.83,0.59,67.8,2.07
T016,Science,2026-02-09,5,3,0.381,7.18,6.6,0.58,65.8,2.92
T016,Science,2026-02-16,6,8,0.612,8.51,7.33,1.18,60.9,2.82
T016,Science,2026-02-23,7,4,0.492,7.13,6.19,0.94,71.9,3.25
T016,Science,2026-03-02,8,5,0.476,6.36,5.51,0.85,74.5,4.68
T016,Science,2026-03-09,9,4,0.651,6.76,5.45,1.31,66.1,2.3
T016,Science,2026-03-16,10,6,0.633,7.45,5.61,1.84,70.8,1.7
T016,Science,2026-03-23,11,3,0.554,6.88,5.59,1.28,58.5,0.16
T016,Science,2026-03-30,12,6,0.539,7.74,5.75,1.99,60.9,4.82
T016,Science,2026-04-06,13,5,0.558,7.77,6.49,1.29,75.2,3.43
T016,Science,2026-04-13,14,8,0.591,8.14,6.94,1.2,67.0,7.14
T016,Science,2026-04-20,15,3,0.695,8.67,7.14,1.53,65.7,3.62
T016,Science,2026-04-27,16,8,0.621,8.25,6.78,1.46,71.9,5.81
T017,English,2026-01-12,1,1,0.631,6.72,4.76,1.96,62.7,4.15
T017,English,2026-01-19,2,1,0.542,4.93,4.09,0.84,73.8,5.04
T017,English,2026-01-26,3,5,0.587,7.46,5.86,1.6,70.8,4.49
T017,English,2026-02-02,4,2,0.55,8.48,7.43,1.05,75.6,-1.55
T017,English,2026-02-09,5,5,0.53,7.25,5.91,1.34,68.0,4.69
T017,English,2026-02-16,6,5,0.65,7.68,5.82,1.86,62.8,1.19
T017,English,2026-02-23,7,3,0.649,6.34,4.62,1.72,77.0,3.68
T017,English,2026-03-02,8,4,0.694,4.59,2.68,1.91,70.1,2.18
T017,English,2026-03-09,9,6,0.694,4.41,3.36,1.05,74.4,4.6
T017,English,2026-03-16,10,8,0.682,6.51,4.55,1.96,68.2,2.1
T017,English,2026-03-23,11,4,0.714,5.66,4.45,1.21,82.7,0.82
T017,English,2026-03-30,12,2,0.682,5.34,3.73,1.61,66.8,0.06
T017,English,2026-04-06,13,6,0.723,6.19,4.48,1.7,71.1,2.12
T017,English,2026-04-13,14,9,0.653,6.87,5.24,1.63,72.0,3.3
T017,English,2026-04-20,15,3,0.739,4.8,3.02,1.78,66.9,1.2
T017,English,2026-04-27,16,5,0.77,5.8,4.5,1.3,76.2,1.24
T018,Math,2026-01-12,1,5,0.706,7.08,5.49,1.6,77.0,6.45
T018,Math,2026-01-19,2,5,0.705,8.26,6.83,1.43,81.4,2.31
T018,Math,2026-01-26,3,7,0.68,6.22,3.94,2.28,66.9,3.13
T018,Math,2026-02-02,4,3,0.665,10.01,7.76,2.25,73.0,4.61
T018,Math,2026-02-09,5,3,0.717,7.58,5.98,1.6,67.3,3.59
T018,Math,2026-02-16,6,7,0.756,7.58,5.89,1.69,72.5,-0.76
T018,Math,2026-02-23,7,9,0.873,7.73,6.0,1.73,81.5,3.28
T018,Math,2026-03-02,8,4,0.806,9.08,6.77,2.31,75.8,-0.33
T018,Math,2026-03-09,9,3,0.819,7.99,6.35,1.64,67.0,3.76
T018,Math,2026-03-16,10,9,0.978,5.59,3.69,1.9,71.6,9.22
T018,Math,2026-03-23,11,5,0.809,8.6,6.35,2.26,66.9,3.6
T018,Math,2026-03-30,12,4,0.818,6.86,5.32,1.54,78.4,4.67
T018,Math,2026-04-06,13,10,0.844,7.31,5.47,1.84,88.5,7.24
T018,Math,2026-04-13,14,13,0.736,5.92,5.0,0.92,81.6,4.33
T018,Math,2026-04-20,15,2,0.786,7.73,5.66,2.06,63.3,6.67
T018,Math,2026-04-27,16,10,0.793,6.55,3.88,2.67,83.3,4.52
T019,Elective/Arts,2026-01-12,1,4,0.587,8.74,7.72,1.02,64.1,1.89
T019,Elective/Arts,2026-01-19,2,2,0.547,5.82,4.81,1.01,76.0,2.19
T019,Elective/Arts,2026-01-26,3,3,0.427,5.68,4.86,0.82,69.5,1.38
T019,Elective/Arts,2026-02-02,4,5,0.53,4.48,3.9,0.58,72.6,3.12
T019,Elective/Arts,2026-02-09,5,10,0.643,7.65,5.9,1.75,78.2,2.95
T019,Elective/Arts,2026-02-16,6,4,0.523,7.22,5.69,1.52,64.2,3.48
T019,Elective/Arts,2026-02-23,7,3,0.575,8.67,7.64,1.02,68.6,-0.2
T019,Elective/Arts,2026-03-02,8,2,0.59,4.86,3.44,1.42,68.7,4.36
T019,Elective/Arts,2026-03-09,9,2,0.488,7.71,6.71,1.0,59.4,0.46
T019,Elective/Arts,2026-03-16,10,5,0.604,6.32,4.87,1.45,68.5,0.63
T019,Elective/Arts,2026-03-23,11,2,0.479,7.06,6.18,0.87,75.0,3.09
T019,Elective/Arts,2026-03-30,12,2,0.541,4.6,3.7,0.9,70.0,3.99
T019,Elective/Arts,2026-04-06,13,3,0.668,7.72,5.83,1.89,63.6,4.42
T019,Elective/Arts,2026-04-13,14,6,0.626,7.04,5.68,1.35,61.3,3.55
T019,Elective/Arts,2026-04-20,15,5,0.588,6.21,4.2,2.01,79.7,1.42
T019,Elective/Arts,2026-04-27,16,5,0.649,6.9,5.45,1.45,70.7,-0.71
T020,Social Studies,2026-01-12,1,9,0.77,9.23,7.08,2.15,80.0,1.92
T020,Social Studies,2026-01-19,2,4,0.569,6.96,6.6,0.36,76.6,1.78
T020,Social Studies,2026-01-26,3,6,0.696,6.97,5.79,1.18,72.0,2.85
T020,Social Studies,2026-02-02,4,1,0.616,9.0,7.59,1.41,69.1,-0.81
T020,Social Studies,2026-02-09,5,2,0.68,7.08,5.62,1.46,70.0,-0.89
T020,Social Studies,2026-02-16,6,6,0.641,8.17,6.61,1.56,69.5,2.79
T020,Social Studies,2026-02-23,7,4,0.735,5.97,4.24,1.73,78.5,3.01
T020,Social Studies,2026-03-02,8,6,0.716,7.28,5.84,1.44,74.3,6.58
T020,Social Studies,2026-03-09,9,8,0.685,5.79,4.5,1.29,73.5,1.01
T020,Social Studies,2026-03-16,10,4,0.654,6.39,5.05,1.34,64.6,1.18
T020,Social Studies,2026-03-23,11,10,0.756,8.29,6.1,2.19,68.1,1.13
T020,Social Studies,2026-03-30,12,4,0.663,7.4,6.23,1.17,84.4,9.58
T020,Social Studies,2026-04-06,13,6,0.789,7.13,5.43,1.71,73.6,1.83
T020,Social Studies,2026-04-13,14,6,0.953,6.7,4.5,2.2,74.2,0.78
T020,Social Studies,2026-04-20,15,5,0.874,7.23,4.49,2.74,85.4,5.72
T020,Social Studies,2026-04-27,16,2,0.841,7.75,6.05,1.7,77.7,5.53
T021,Elective/Arts,2026-01-12,1,1,0.453,5.57,4.85,0.73,64.2,1.76
T021,Elective/Arts,2026-01-19,2,3,0.477,8.68,7.93,0.75,58.7,0.75
T021,Elective/Arts,2026-01-26,3,3,0.446,6.23,5.42,0.82,61.3,4.95
T021,Elective/Arts,2026-02-02,4,5,0.381,5.89,5.29,0.6,60.8,4.14
T021,Elective/Arts,2026-02-09,5,1,0.425,6.33,5.79,0.54,58.9,1.57
T021,Elective/Arts,2026-02-16,6,1,0.382,4.3,3.41,0.89,67.2,3.44
T021,Elective/Arts,2026-02-23,7,1,0.384,5.54,4.64,0.9,71.8,3.18
T021,Elective/Arts,2026-03-02,8,3,0.509,7.28,5.64,1.64,62.3,2.63
T021,Elective/Arts,2026-03-09,9,3,0.41,5.67,4.93,0.74,66.9,-0.86
T021,Elective/Arts,2026-03-16,10,2,0.518,5.47,4.24,1.23,61.7,0.04
T021,Elective/Arts,2026-03-23,11,2,0.412,7.61,6.63,0.98,63.5,-0.44
T021,Elective/Arts,2026-03-30,12,3,0.531,7.64,6.55,1.09,64.1,1.89
T021,Elective/Arts,2026-04-06,13,2,0.483,6.82,5.54,1.28,70.7,1.36
T021,Elective/Arts,2026-04-13,14,6,0.623,5.84,4.19,1.66,66.5,4.26
T021,Elective/Arts,2026-04-20,15,8,0.554,6.06,4.73,1.33,74.9,2.95
T021,Elective/Arts,2026-04-27,16,7,0.625,5.5,4.22,1.28,69.2,5.32
T022,Science,2026-01-12,1,2,0.399,5.3,4.66,0.64,60.9,3.36
T022,Science,2026-01-19,2,3,0.46,6.66,5.56,1.1,63.2,1.97
T022,Science,2026-01-26,3,5,0.542,7.05,5.9,1.14,70.7,1.21
T022,Science,2026-02-02,4,2,0.551,6.21,3.86,2.35,76.8,5.47
T022,Science,2026-02-09,5,3,0.466,7.31,6.2,1.11,73.0,2.91
T022,Science,2026-02-16,6,5,0.536,6.0,4.94,1.06,71.1,3.35
T022,Science,2026-02-23,7,3,0.687,6.09,3.99,2.1,64.2,4.69
T022,Science,2026-03-02,8,11,0.54,5.32,4.73,0.59,60.5,0.99
T022,Science,2026-03-09,9,5,0.501,7.32,6.19,1.13,70.7,2.45
T022,Science,2026-03-16,10,2,0.545,5.53,3.68,1.85,60.6,0.08
T022,Science,2026-03-23,11,5,0.572,6.65,5.43,1.22,67.9,4.46
T022,Science,2026-03-30,12,3,0.563,6.23,5.58,0.65,70.9,-0.33
T022,Science,2026-04-06,13,5,0.579,5.25,4.11,1.14,62.7,-2.71
T022,Science,2026-04-13,14,2,0.489,5.69,4.19,1.5,61.1,5.07
T022,Science,2026-04-20,15,3,0.53,7.68,6.4,1.29,67.7,0.9
T022,Science,2026-04-27,16,3,0.595,6.5,5.49,1.01,72.9,-0.44
T023,Special Education,2026-01-12,1,5,0.519,7.4,6.42,0.97,74.1,4.62
T023,Special Education,2026-01-19,2,3,0.638,5.58,4.54,1.04,74.4,3.42
T023,Special Education,2026-01-26,3,4,0.595,5.71,3.32,2.39,64.7,0.99
T023,Special Education,2026-02-02,4,3,0.487,6.31,5.45,0.86,68.1,2.03
T023,Special Education,2026-02-09,5,1,0.514,6.3,5.14,1.16,65.0,2.13
T023,Special Education,2026-02-16,6,3,0.584,6.56,5.8,0.76,69.8,-1.37
T023,Special Education,2026-02-23,7,8,0.608,8.39,7.01,1.38,68.7,0.76
T023,Special Education,2026-03-02,8,5,0.513,6.64,5.79,0.84,55.6,1.13
T023,Special Education,2026-03-09,9,7,0.548,3.92,2.86,1.06,75.4,5.26
T023,Special Education,2026-03-16,10,4,0.575,6.63,5.0,1.62,68.9,3.65
T023,Special Education,2026-03-23,11,3,0.6,6.34,4.85,1.49,67.1,1.08
T023,Special Education,2026-03-30,12,4,0.56,6.34,4.92,1.42,65.6,0.19
T023,Special Education,2026-04-06,13,6,0.569,6.55,5.9,0.65,71.4,2.71
T023,Special Education,2026-04-13,14,6,0.682,6.27,4.02,2.25,66.7,1.71
T023,Special Education,2026-04-20,15,4,0.678,6.25,5.24,1.01,58.4,-0.14
T023,Special Education,2026-04-27,16,4,0.635,6.91,4.93,1.98,73.3,3.58
T024,Special Education,2026-01-12,1,3,0.357,6.88,6.04,0.84,59.5,2.82
T024,Special Education,2026-01-19,2,2,0.374,6.45,5.74,0.71,58.5,-0.0
T024,Special Education,2026-01-26,3,3,0.297,7.59,6.8,0.79,64.4,0.76
T024,Special Education,2026-02-02,4,2,0.402,5.88,4.9,0.98,56.8,2.01
T024,Special Education,2026-02-09,5,2,0.33,7.49,6.72,0.77,60.4,1.06
T024,Special Education,2026-02-16,6,2,0.343,7.04,6.29,0.75,50.7,3.61
T024,Special Education,2026-02-23,7,7,0.411,6.49,5.48,1.01,66.7,3.56
T024,Special Education,2026-03-02,8,3,0.26,6.19,5.58,0.61,58.5,2.19
T024,Special Education,2026-03-09,9,3,0.491,8.93,7.83,1.1,58.4,6.23
T024,Special Education,2026-03-16,10,3,0.398,5.68,4.96,0.72,71.5,-1.04
T024,Special Education,2026-03-23,11,2,0.48,6.8,5.25,1.54,59.2,1.87
T024,Special Education,2026-03-30,12,3,0.321,5.75,5.25,0.5,67.8,0.99
T024,Special Education,2026-04-06,13,2,0.337,8.29,7.46,0.83,59.2,-0.84
T024,Special Education,2026-04-13,14,1,0.326,7.39,6.73,0.65,72.8,2.22
T024,Special Education,2026-04-20,15,5,0.43,5.82,4.42,1.4,70.3,-0.17
T024,Special Education,2026-04-27,16,5,0.423,7.01,6.31,0.7,59.5,3.21
T025,Elective/Arts,2026-01-12,1,6,0.712,6.9,6.42,0.47,65.1,1.14
T025,Elective/Arts,2026-01-19,2,2,0.667,6.67,5.38,1.29,62.7,3.64
T025,Elective/Arts,2026-01-26,3,2,0.529,5.88,4.54,1.34,67.1,-1.79
T025,Elective/Arts,2026-02-02,4,4,0.602,6.82,5.44,1.38,66.5,1.77
T025,Elective/Arts,2026-02-09,5,9,0.72,6.13,4.43,1.7,79.6,3.75
T025,Elective/Arts,2026-02-16,6,10,0.692,5.81,3.73,2.07,74.1,1.99
T025,Elective/Arts,2026-02-23,7,2,0.513,5.13,3.88,1.25,69.4,1.93
T025,Elective/Arts,2026-03-02,8,5,0.799,6.39,4.25,2.14,70.5,6.51
T025,Elective/Arts,2026-03-09,9,7,0.732,7.32,6.12,1.2,72.6,3.34
T025,Elective/Arts,2026-03-16,10,4,0.676,6.06,5.01,1.04,74.1,0.38
T025,Elective/Arts,2026-03-23,11,8,0.814,9.27,6.69,2.58,79.6,6.05
T025,Elective/Arts,2026-03-30,12,4,0.707,7.64,6.04,1.6,72.1,1.35
T025,Elective/Arts,2026-04-06,13,5,0.717,8.05,6.75,1.31,79.4,2.11
T025,Elective/Arts,2026-04-13,14,4,0.801,7.55,6.08,1.46,75.1,5.7
T025,Elective/Arts,2026-04-20,15,8,0.911,8.6,6.95,1.65,82.5,9.72
T025,Elective/Arts,2026-04-27,16,11,0.911,5.96,4.35,1.62,74.8,-0.59
T026,Math,2026-01-12,1,3,0.438,5.38,4.88,0.5,66.5,1.79
T026,Math,2026-01-19,2,5,0.473,7.6,6.63,0.97,59.7,2.39
T026,Math,2026-01-26,3,2,0.426,6.8,5.56,1.25,66.7,3.61
T026,Math,2026-02-02,4,5,0.552,6.59,5.86,0.73,60.7,6.08
T026,Math,2026-02-09,5,5,0.553,5.4,4.39,1.0,61.6,6.03
T026,Math,2026-02-16,6,4,0.501,4.86,3.92,0.94,61.3,4.23
T026,Math,2026-02-23,7,4,0.493,5.26,4.24,1.02,64.7,-0.96
T026,Math,2026-03-02,8,6,0.512,6.36,5.72,0.64,73.4,0.25
T026,Math,2026-03-09,9,4,0.52,7.27,5.94,1.33,71.5,1.3
T026,Math,2026-03-16,10,6,0.53,7.3,5.92,1.38,71.4,0.08
T026,Math,2026-03-23,11,4,0.53,7.03,5.7,1.33,61.7,3.19
T026,Math,2026-03-30,12,6,0.569,5.66,4.71,0.95,66.0,3.9
T026,Math,2026-04-06,13,5,0.611,6.42,5.05,1.38,71.9,2.33
T026,Math,2026-04-13,14,4,0.48,6.08,5.28,0.8,63.2,4.61
T026,Math,2026-04-20,15,7,0.501,6.2,5.2,1.0,65.8,1.99
T026,Math,2026-04-27,16,4,0.459,8.44,6.83,1.6,69.1,-2.96
T027,English,2026-01-12,1,5,0.549,8.3,7.1,1.21,66.9,3.33
T027,English,2026-01-19,2,2,0.581,7.0,5.36,1.63,71.7,6.03
T027,English,2026-01-26,3,5,0.639,8.06,6.5,1.57,58.3,1.3
T027,English,2026-02-02,4,4,0.556,5.58,4.31,1.27,74.3,0.42
T027,English,2026-02-09,5,4,0.647,7.76,5.91,1.85,67.1,2.25
T027,English,2026-02-16,6,4,0.611,6.28,5.2,1.08,77.6,7.24
T027,English,2026-02-23,7,6,0.515,5.4,4.26,1.14,65.0,3.19
T027,English,2026-03-02,8,9,0.518,5.93,4.79,1.13,67.6,1.33
T027,English,2026-03-09,9,3,0.704,7.06,5.62,1.43,84.1,1.21
T027,English,2026-03-16,10,5,0.719,6.23,4.81,1.41,71.3,4.68
T027,English,2026-03-23,11,7,0.667,7.43,5.93,1.5,79.1,5.01
T027,English,2026-03-30,12,6,0.758,5.24,3.56,1.68,74.2,3.46
T027,English,2026-04-06,13,6,0.737,4.92,3.77,1.16,75.9,0.87
T027,English,2026-04-13,14,4,0.72,8.42,6.49,1.93,73.4,4.33
T027,English,2026-04-20,15,6,0.617,7.95,6.96,1.0,75.5,3.07
T027,English,2026-04-27,16,8,0.812,6.0,4.32,1.68,71.2,2.82
T028,Math,2026-01-12,1,5,0.637,7.35,5.75,1.61,82.8,2.87
T028,Math,2026-01-19,2,5,0.703,6.62,5.49,1.13,63.4,3.01
T028,Math,2026-01-26,3,7,0.773,5.42,3.77,1.65,76.6,3.09
T028,Math,2026-02-02,4,10,0.709,6.2,5.28,0.92,66.8,4.02
T028,Math,2026-02-09,5,6,0.735,7.73,6.99,0.73,78.8,5.82
T028,Math,2026-02-16,6,9,0.676,8.01,6.22,1.79,73.7,3.37
T028,Math,2026-02-23,7,5,0.651,7.78,6.64,1.14,73.5,4.27
T028,Math,2026-03-02,8,6,0.757,7.09,5.02,2.06,68.2,1.42
T028,Math,2026-03-09,9,4,0.733,5.04,2.94,2.1,68.7,5.5
T028,Math,2026-03-16,10,5,0.632,6.79,5.63,1.16,76.4,6.01
T028,Math,2026-03-23,11,2,0.72,5.06,3.22,1.84,83.6,3.09
T028,Math,2026-03-30,12,7,0.747,4.81,3.46,1.35,76.6,2.39
T028,Math,2026-04-06,13,7,0.728,6.54,5.74,0.8,67.8,1.31
T028,Math,2026-04-13,14,7,0.878,6.82,4.83,2.0,79.0,6.36
T028,Math,2026-04-20,15,11,0.819,7.2,5.63,1.57,90.0,7.78
T028,Math,2026-04-27,16,10,0.892,6.8,5.07,1.73,77.9,5.9
T029,Math,2026-01-12,1,2,0.573,6.64,6.02,0.62,72.2,1.58
T029,Math,2026-01-19,2,4,0.678,5.32,3.31,2.01,69.6,0.37
T029,Math,2026-01-26,3,4,0.691,7.38,5.6,1.78,73.9,1.83
T029,Math,2026-02-02,4,7,0.689,6.6,4.71,1.89,65.9,-2.35
T029,Math,2026-02-09,5,5,0.7,7.81,6.04,1.78,67.2,3.17
T029,Math,2026-02-16,6,3,0.704,5.94,4.46,1.48,76.4,3.17
T029,Math,2026-02-23,7,6,0.812,5.05,3.78,1.27,80.6,5.65
T029,Math,2026-03-02,8,6,0.781,6.62,4.96,1.65,68.6,4.09
T029,Math,2026-03-09,9,3,0.64,7.95,6.91,1.03,75.0,-0.66
T029,Math,2026-03-16,10,6,0.781,6.81,4.87,1.95,71.3,3.32
T029,Math,2026-03-23,11,10,0.798,6.45,4.31,2.14,75.0,4.01
T029,Math,2026-03-30,12,3,0.768,5.78,3.41,2.37,82.7,1.55
T029,Math,2026-04-06,13,11,0.836,8.41,6.38,2.02,80.7,3.07
T029,Math,2026-04-13,14,7,0.78,5.62,3.47,2.15,79.3,2.6
T029,Math,2026-04-20,15,5,0.791,5.92,4.32,1.6,86.2,3.3
T029,Math,2026-04-27,16,5,0.796,7.22,5.7,1.52,70.7,0.62
T030,Social Studies,2026-01-12,1,9,0.717,4.85,3.26,1.59,76.5,2.07
T030,Social Studies,2026-01-19,2,5,0.726,6.47,5.0,1.46,67.8,5.03
T030,Social Studies,2026-01-26,3,4,0.636,6.81,5.53,1.27,81.8,4.18
T030,Social Studies,2026-02-02,4,5,0.763,6.97,5.52,1.45,72.0,9.81
T030,Social Studies,2026-02-09,5,4,0.703,7.18,6.33,0.85,71.0,3.67
T030,Social Studies,2026-02-16,6,6,0.627,7.04,5.52,1.52,79.3,2.17
T030,Social Studies,2026-02-23,7,9,0.769,6.54,4.74,1.8,78.2,1.71
T030,Social Studies,2026-03-02,8,3,0.763,7.09,5.02,2.07,87.3,-2.32
T030,Social Studies,2026-03-09,9,11,0.743,7.8,6.4,1.4,75.1,5.98
T030,Social Studies,2026-03-16,10,10,0.768,6.7,4.14,2.56,71.8,5.0
T030,Social Studies,2026-03-23,11,5,0.731,7.12,5.68,1.44,69.6,-2.8
T030,Social Studies,2026-03-30,12,6,0.835,6.61,5.21,1.4,64.8,3.41
T030,Social Studies,2026-04-06,13,5,0.801,6.15,4.87,1.28,73.3,6.06
T030,Social Studies,2026-04-13,14,9,0.827,7.32,6.36,0.96,82.5,3.03
T030,Social Studies,2026-04-20,15,4,0.851,6.24,3.59,2.65,79.9,4.99
T030,Social Studies,2026-04-27,16,12,0.756,7.19,4.9,2.29,74.0,0.77
T031,Elective/Arts,2026-01-12,1,5,0.564,6.67,5.71,0.96,70.2,2.66
T031,Elective/Arts,2026-01-19,2,4,0.587,5.27,4.08,1.2,84.4,5.21
T031,Elective/Arts,2026-01-26,3,1,0.425,6.12,4.98,1.13,66.7,5.77
T031,Elective/Arts,2026-02-02,4,6,0.638,6.42,5.02,1.4,71.1,2.14
T031,Elective/Arts,2026-02-09,5,4,0.621,6.69,4.9,1.79,62.9,3.92
T031,Elective/Arts,2026-02-16,6,7,0.656,7.18,5.22,1.96,78.1,3.63
T031,Elective/Arts,2026-02-23,7,7,0.626,8.14,6.31,1.83,67.6,6.61
T031,Elective/Arts,2026-03-02,8,4,0.64,7.43,5.56,1.87,67.1,6.86
T031,Elective/Arts,2026-03-09,9,7,0.64,7.66,6.65,1.01,78.7,5.84
T031,Elective/Arts,2026-03-16,10,3,0.673,8.15,6.47,1.68,78.8,3.1
T031,Elective/Arts,2026-03-23,11,5,0.494,7.27,6.36,0.91,74.1,3.82
T031,Elective/Arts,2026-03-30,12,2,0.525,6.66,6.03,0.64,65.9,3.84
T031,Elective/Arts,2026-04-06,13,3,0.587,7.71,6.52,1.19,69.4,4.1
T031,Elective/Arts,2026-04-13,14,1,0.639,7.77,5.86,1.91,70.6,4.02
T031,Elective/Arts,2026-04-20,15,6,0.684,7.35,5.66,1.69,76.8,3.25
T031,Elective/Arts,2026-04-27,16,6,0.688,5.25,2.9,2.35,81.5,2.89
T032,Special Education,2026-01-12,1,3,0.505,8.21,7.09,1.13,54.4,0.65
T032,Special Education,2026-01-19,2,1,0.461,6.8,6.03,0.77,68.6,3.16
T032,Special Education,2026-01-26,3,1,0.473,5.22,4.46,0.76,76.5,2.52
T032,Special Education,2026-02-02,4,5,0.617,6.83,5.09,1.74,79.1,6.76
T032,Special Education,2026-02-09,5,5,0.695,6.55,5.65,0.9,74.7,3.54
T032,Special Education,2026-02-16,6,3,0.429,7.46,6.25,1.22,63.9,2.46
T032,Special Education,2026-02-23,7,6,0.433,7.21,6.3,0.91,62.0,2.9
T032,Special Education,2026-03-02,8,2,0.462,3.61,2.62,0.99,64.7,-1.1
T032,Special Education,2026-03-09,9,5,0.53,7.15,6.52,0.62,71.5,2.76
T032,Special Education,2026-03-16,10,2,0.608,5.6,4.31,1.28,65.3,0.67
T032,Special Education,2026-03-23,11,3,0.594,5.18,3.65,1.53,74.4,1.04
T032,Special Education,2026-03-30,12,2,0.573,6.41,5.61,0.8,82.1,3.39
T032,Special Education,2026-04-06,13,0,0.606,7.01,5.5,1.51,69.8,1.97
T032,Special Education,2026-04-13,14,3,0.528,4.96,3.77,1.19,60.1,2.27
T032,Special Education,2026-04-20,15,5,0.567,7.3,6.28,1.03,61.1,-0.86
T032,Special Education,2026-04-27,16,3,0.591,7.36,5.76,1.6,74.4,5.74
T033,Science,2026-01-12,1,2,0.473,7.44,6.15,1.28,72.8,4.29
T033,Science,2026-01-19,2,10,0.688,8.25,6.5,1.74,73.5,5.18
T033,Science,2026-01-26,3,2,0.452,5.46,4.67,0.79,70.9,0.51
T033,Science,2026-02-02,4,2,0.506,7.02,5.87,1.15,65.9,2.26
T033,Science,2026-02-09,5,3,0.417,8.41,7.12,1.29,65.4,5.06
T033,Science,2026-02-16,6,2,0.606,5.95,4.92,1.03,66.2,5.35
T033,Science,2026-02-23,7,3,0.512,7.63,6.46,1.17,73.2,1.66
T033,Science,2026-03-02,8,2,0.523,7.47,6.38,1.09,63.9,3.4
T033,Science,2026-03-09,9,4,0.511,9.11,8.01,1.1,76.7,3.94
T033,Science,2026-03-16,10,6,0.67,7.17,6.35,0.82,69.9,0.22
T033,Science,2026-03-23,11,11,0.675,7.23,5.17,2.06,72.0,2.03
T033,Science,2026-03-30,12,5,0.761,8.25,6.93,1.32,78.6,4.28
T033,Science,2026-04-06,13,6,0.595,6.07,4.4,1.67,70.0,1.94
T033,Science,2026-04-13,14,7,0.667,7.18,5.96,1.22,69.9,2.98
T033,Science,2026-04-20,15,4,0.57,6.94,5.9,1.04,69.1,0.01
T033,Science,2026-04-27,16,7,0.646,7.26,5.37,1.89,76.5,2.72
T034,Science,2026-01-12,1,2,0.207,7.0,6.47,0.53,57.0,2.87
T034,Science,2026-01-19,2,4,0.284,5.47,4.84,0.63,60.0,-1.51
T034,Science,2026-01-26,3,0,0.232,5.63,5.07,0.56,71.1,-0.47
T034,Science,2026-02-02,4,3,0.213,5.41,5.05,0.36,54.3,1.76
T034,Science,2026-02-09,5,1,0.266,7.63,6.71,0.92,56.0,3.42
T034,Science,2026-02-16,6,1,0.187,5.89,5.54,0.35,69.3,-0.11
T034,Science,2026-02-23,7,4,0.301,8.51,7.56,0.94,66.3,2.29
T034,Science,2026-03-02,8,4,0.354,7.28,6.54,0.74,76.6,-1.96
T034,Science,2026-03-09,9,3,0.274,7.01,6.27,0.73,59.1,0.61
T034,Science,2026-03-16,10,5,0.269,6.41,5.7,0.71,62.5,2.94
T034,Science,2026-03-23,11,1,0.313,7.87,6.97,0.91,58.9,0.58
T034,Science,2026-03-30,12,2,0.149,6.45,6.19,0.25,59.6,-0.19
T034,Science,2026-04-06,13,6,0.333,6.26,5.32,0.95,52.7,-0.28
T034,Science,2026-04-13,14,2,0.517,8.44,6.73,1.71,72.0,1.15
T034,Science,2026-04-20,15,4,0.295,7.6,7.0,0.6,64.3,5.62
T034,Science,2026-04-27,16,1,0.3,7.02,6.35,0.67,62.1,1.33
T035,English,2026-01-12,1,2,0.219,6.1,5.71,0.38,66.3,-0.74
T035,English,2026-01-19,2,1,0.272,5.36,4.6,0.76,58.5,1.39
T035,English,2026-01-26,3,1,0.187,6.23,5.86,0.36,60.3,0.5
T035,English,2026-02-02,4,0,0.233,7.05,6.69,0.36,56.9,-1.66
T035,English,2026-02-09,5,2,0.404,4.99,4.12,0.88,67.5,3.88
T035,English,2026-02-16,6,2,0.304,6.56,5.87,0.69,58.7,3.15
T035,English,2026-02-23,7,1,0.451,6.85,6.39,0.46,62.1,4.27
T035,English,2026-03-02,8,3,0.317,6.88,6.2,0.69,65.4,1.45
T035,English,2026-03-09,9,2,0.326,6.44,5.55,0.89,62.3,-0.13
T035,English,2026-03-16,10,3,0.378,6.76,5.83,0.93,52.9,1.43
T035,English,2026-03-23,11,0,0.151,8.82,8.29,0.53,50.0,3.62
T035,English,2026-03-30,12,0,0.357,7.76,6.71,1.05,57.0,-2.67
T035,English,2026-04-06,13,1,0.344,6.54,5.48,1.06,58.3,0.91
T035,English,2026-04-13,14,6,0.456,7.03,5.26,1.77,68.9,0.74
T035,English,2026-04-20,15,4,0.425,7.07,5.94,1.13,66.9,1.16
T035,English,2026-04-27,16,3,0.283,6.33,5.68,0.65,68.5,0.14
T036,Math,2026-01-12,1,4,0.303,6.85,6.36,0.49,58.3,1.19
T036,Math,2026-01-19,2,0,0.271,5.96,5.64,0.33,60.2,-0.44
T036,Math,2026-01-26,3,0,0.327,7.38,6.5,0.88,60.7,-0.02
T036,Math,2026-02-02,4,1,0.371,7.12,6.41,0.71,69.2,3.08
T036,Math,2026-02-09,5,4,0.316,6.98,6.44,0.54,62.2,-0.16
T036,Math,2026-02-16,6,3,0.306,7.5,7.03,0.47,57.2,3.45
T036,Math,2026-02-23,7,1,0.332,8.05,7.23,0.81,62.3,-0.35
T036,Math,2026-03-02,8,3,0.348,8.0,6.95,1.05,66.8,3.72
T036,Math,2026-03-09,9,3,0.232,7.85,7.4,0.45,53.7,-0.1
T036,Math,2026-03-16,10,5,0.391,7.06,6.25,0.81,54.9,3.18
T036,Math,2026-03-23,11,4,0.332,6.73,5.79,0.94,75.3,0.45
T036,Math,2026-03-30,12,4,0.457,6.26,5.75,0.51,62.6,1.84
T036,Math,2026-04-06,13,2,0.416,6.71,5.3,1.41,64.6,2.29
T036,Math,2026-04-13,14,7,0.461,7.32,5.63,1.69,64.1,5.35
T036,Math,2026-04-20,15,5,0.314,6.51,6.33,0.18,66.1,3.24
T036,Math,2026-04-27,16,2,0.364,7.4,6.62,0.78,74.7,0.12
T037,Math,2026-01-12,1,5,0.383,7.15,6.76,0.39,69.0,1.26
T037,Math,2026-01-19,2,6,0.322,6.34,6.12,0.21,62.7,3.12
T037,Math,2026-01-26,3,5,0.313,6.85,6.24,0.61,60.9,-0.17
T037,Math,2026-02-02,4,3,0.309,5.73,5.3,0.42,66.5,-0.29
T037,Math,2026-02-09,5,4,0.365,7.05,6.3,0.75,62.3,2.77
T037,Math,2026-02-16,6,4,0.419,6.84,5.87,0.97,49.5,2.17
T037,Math,2026-02-23,7,6,0.274,6.26,5.51,0.75,43.5,-2.0
T037,Math,2026-03-02,8,1,0.41,6.74,6.12,0.62,72.9,1.83
T037,Math,2026-03-09,9,8,0.526,6.93,5.65,1.28,75.5,3.18
T037,Math,2026-03-16,10,6,0.505,6.18,5.07,1.11,78.9,1.74
T037,Math,2026-03-23,11,4,0.391,6.67,5.73,0.94,64.7,0.23
T037,Math,2026-03-30,12,2,0.341,5.79,5.15,0.64,55.8,2.57
T037,Math,2026-04-06,13,3,0.477,9.15,7.7,1.44,64.4,1.82
T037,Math,2026-04-13,14,3,0.289,7.86,7.24,0.62,62.3,0.11
T037,Math,2026-04-20,15,3,0.535,7.07,5.33,1.75,62.3,2.13
T037,Math,2026-04-27,16,6,0.448,7.97,7.2,0.77,76.1,3.68
T038,English,2026-01-12,1,5,0.548,5.84,4.57,1.27,80.8,-1.6
T038,English,2026-01-19,2,7,0.606,6.05,4.81,1.24,67.6,5.07
T038,English,2026-01-26,3,2,0.546,6.06,4.69,1.37,69.5,1.1
T038,English,2026-02-02,4,3,0.719,6.6,5.1,1.5,76.4,2.49
T038,English,2026-02-09,5,3,0.657,5.79,3.68,2.11,75.8,3.23
T038,English,2026-02-16,6,7,0.614,7.93,6.55,1.38,72.0,6.91
T038,English,2026-02-23,7,5,0.691,6.94,5.59,1.35,78.2,5.58
T038,English,2026-03-02,8,8,0.61,5.64,4.47,1.17,73.4,3.65
T038,English,2026-03-09,9,5,0.633,6.54,5.61,0.93,81.4,1.69
T038,English,2026-03-16,10,5,0.613,6.57,5.02,1.55,73.5,4.22
T038,English,2026-03-23,11,7,0.651,7.66,6.55,1.11,83.1,3.31
T038,English,2026-03-30,12,11,0.831,5.85,3.47,2.38,81.2,2.86
T038,English,2026-04-06,13,6,0.695,7.22,6.23,0.99,61.5,3.32
T038,English,2026-04-13,14,5,0.789,6.49,4.7,1.8,90.4,4.48
T038,English,2026-04-20,15,6,0.709,7.94,5.89,2.05,69.3,3.18
T038,English,2026-04-27,16,4,0.831,7.74,6.99,0.75,84.7,3.82
T039,Science,2026-01-12,1,2,0.269,6.01,5.51,0.5,56.8,1.25
T039,Science,2026-01-19,2,3,0.452,8.04,7.19,0.85,74.0,5.86
T039,Science,2026-01-26,3,4,0.362,7.89,7.32,0.56,68.6,0.97
T039,Science,2026-02-02,4,3,0.429,6.94,5.74,1.21,61.6,3.23
T039,Science,2026-02-09,5,5,0.5,6.39,5.58,0.81,67.7,0.67
T039,Science,2026-02-16,6,2,0.328,7.12,6.54,0.58,61.4,1.4
T039,Science,2026-02-23,7,3,0.423,6.57,5.33,1.25,58.8,-1.86
T039,Science,2026-03-02,8,4,0.42,6.31,5.53,0.78,66.6,-0.92
T039,Science,2026-03-09,9,1,0.465,6.84,5.87,0.97,64.1,3.79
T039,Science,2026-03-16,10,2,0.532,6.06,5.21,0.85,62.6,-0.33
T039,Science,2026-03-23,11,4,0.358,6.75,5.78,0.97,55.1,3.14
T039,Science,2026-03-30,12,5,0.498,6.7,5.36,1.35,58.1,2.75
T039,Science,2026-04-06,13,6,0.537,7.1,5.68,1.42,66.2,0.79
T039,Science,2026-04-13,14,2,0.458,5.88,4.73,1.15,65.9,0.66
T039,Science,2026-04-20,15,3,0.468,7.21,6.16,1.05,61.4,2.35
T039,Science,2026-04-27,16,1,0.513,5.59,4.63,0.97,71.7,2.28
T040,Social Studies,2026-01-12,1,7,0.475,6.81,5.58,1.23,65.9,2.25
T040,Social Studies,2026-01-19,2,3,0.497,6.95,5.65,1.3,71.6,0.24
T040,Social Studies,2026-01-26,3,2,0.477,5.72,4.49,1.22,68.1,-1.0
T040,Social Studies,2026-02-02,4,4,0.623,6.9,6.04,0.85,62.2,6.69
T040,Social Studies,2026-02-09,5,5,0.464,6.39,5.61,0.78,66.0,1.56
T040,Social Studies,2026-02-16,6,7,0.619,5.41,4.12,1.29,63.1,1.43
T040,Social Studies,2026-02-23,7,2,0.457,7.42,6.61,0.81,65.8,1.89
T040,Social Studies,2026-03-02,8,1,0.543,6.19,5.34,0.85,64.1,-0.19
T040,Social Studies,2026-03-09,9,8,0.629,6.34,5.67,0.68,73.0,0.53
T040,Social Studies,2026-03-16,10,3,0.633,6.29,5.41,0.88,62.8,4.76
T040,Social Studies,2026-03-23,11,9,0.533,7.99,6.9,1.09,68.4,0.83
T040,Social Studies,2026-03-30,12,6,0.609,6.71,5.39,1.31,73.7,1.87
T040,Social Studies,2026-04-06,13,3,0.608,6.83,5.78,1.05,75.6,5.74
T040,Social Studies,2026-04-13,14,4,0.549,6.31,5.08,1.23,64.1,-0.75
T040,Social Studies,2026-04-20,15,2,0.637,7.21,5.98,1.24,71.0,3.62
T040,Social Studies,2026-04-27,16,5,0.733,8.1,6.01,2.09,74.4,5.56
T041,English,2026-01-12,1,2,0.837,6.1,4.2,1.9,87.0,1.74
T041,English,2026-01-19,2,4,0.728,6.18,4.76,1.42,73.1,4.83
T041,English,2026-01-26,3,4,0.657,7.54,6.12,1.43,70.9,0.96
T041,English,2026-02-02,4,6,0.899,6.18,4.9,1.28,75.0,-0.47
T041,English,2026-02-09,5,10,0.844,7.29,5.44,1.85,83.2,4.3
T041,English,2026-02-16,6,9,0.797,7.14,5.9,1.24,71.8,5.31
T041,English,2026-02-23,7,11,0.944,6.87,5.01,1.85,69.3,2.23
T041,English,2026-03-02,8,4,0.815,4.41,2.17,2.25,71.3,3.14
T041,English,2026-03-09,9,5,0.859,7.32,5.3,2.02,84.4,2.96
T041,English,2026-03-16,10,8,0.938,5.74,4.51,1.23,83.4,-0.07
T041,English,2026-03-23,11,7,0.837,6.92,4.65,2.27,74.4,-0.03
T041,English,2026-03-30,12,7,0.92,5.23,3.21,2.02,86.2,1.31
T041,English,2026-04-06,13,7,1.0,5.01,3.14,1.87,84.5,8.06
T041,English,2026-04-13,14,7,0.968,8.18,5.61,2.56,77.6,5.52
T041,English,2026-04-20,15,16,1.0,5.24,3.14,2.1,79.0,4.82
T041,English,2026-04-27,16,6,1.0,7.35,5.85,1.5,82.0,3.99
T042,Elective/Arts,2026-01-12,1,1,0.408,4.18,3.25,0.93,80.5,1.91
T042,Elective/Arts,2026-01-19,2,3,0.465,6.42,5.67,0.76,60.2,2.39
T042,Elective/Arts,2026-01-26,3,0,0.504,7.5,6.57,0.93,67.2,4.3
T042,Elective/Arts,2026-02-02,4,3,0.526,7.27,5.96,1.31,70.2,-0.57
T042,Elective/Arts,2026-02-09,5,1,0.463,5.35,3.94,1.41,68.2,-0.21
T042,Elective/Arts,2026-02-16,6,2,0.589,5.48,4.2,1.28,68.6,2.88
T042,Elective/Arts,2026-02-23,7,5,0.491,5.96,4.72,1.24,66.2,2.49
T042,Elective/Arts,2026-03-02,8,2,0.482,6.84,6.19,0.64,65.6,-3.62
T042,Elective/Arts,2026-03-09,9,4,0.513,4.62,3.41,1.2,61.1,4.05
T042,Elective/Arts,2026-03-16,10,4,0.634,6.64,5.26,1.37,83.8,2.22
T042,Elective/Arts,2026-03-23,11,4,0.558,6.96,5.32,1.64,67.6,3.19
T042,Elective/Arts,2026-03-30,12,7,0.526,6.37,5.38,0.99,71.7,3.43
T042,Elective/Arts,2026-04-06,13,9,0.648,7.18,5.84,1.33,69.2,1.18
T042,Elective/Arts,2026-04-13,14,8,0.741,6.87,4.77,2.1,71.4,6.4
T042,Elective/Arts,2026-04-20,15,1,0.614,6.11,4.79,1.32,67.6,1.49
T042,Elective/Arts,2026-04-27,16,4,0.694,4.71,3.65,1.06,63.0,6.52
